{"realSheetLength":1861,"realSheetWidth":591,"realGridSize":55,"imageFile":"../beispielbild.jpeg","raster":{"gridPoints":[["Path",{"applyMatrix":true,"visible":false,"selected":true,"segments":[[[629.75309,602.143],[0,1.5303],[0,-1.5303]],[[632.52394,599.37215],[-1.5303,0],[1.5303,0]],[[635.29479,602.143],[0,-1.5303],[0,1.5303]],[[632.52394,604.91385],[1.5303,0],[-1.5303,0]]],"closed":true,"fillColor":[1,1,1]}],["Path",{"applyMatrix":true,"visible":false,"selected":true,"segments":[[[629.46158,413.614],[0,1.5303],[0,-1.5303]],[[632.23242,410.84315],[-1.5303,0],[1.5303,0]],[[635.00327,413.614],[0,-1.5303],[0,1.5303]],[[632.23242,416.38485],[1.5303,0],[-1.5303,0]]],"closed":true,"fillColor":[1,1,1]}],["Path",{"applyMatrix":true,"visible":false,"selected":true,"segments":[[[613.10733,396.475],[0,1.5303],[0,-1.5303]],[[615.87818,393.70415],[-1.5303,0],[1.5303,0]],[[618.64903,396.475],[0,-1.5303],[0,1.5303]],[[615.87818,399.24585],[1.5303,0],[-1.5303,0]]],"closed":true,"fillColor":[1,1,1]}],["Path",{"applyMatrix":true,"visible":false,"selected":true,"segments":[[[253.314,396.475],[0,1.5303],[0,-1.5303]],[[256.08485,393.70415],[-1.5303,0],[1.5303,0]],[[258.8557,396.475],[0,-1.5303],[0,1.5303]],[[256.08485,399.24585],[1.5303,0],[-1.5303,0]]],"closed":true,"fillColor":[1,1,1]}],["Path",{"applyMatrix":true,"visible":false,"selected":true,"segments":[[[236.95976,379.336],[0,1.5303],[0,-1.5303]],[[239.73061,376.56515],[-1.5303,0],[1.5303,0]],[[242.50145,379.336],[0,-1.5303],[0,1.5303]],[[239.73061,382.10685],[1.5303,0],[-1.5303,0]]],"closed":true,"fillColor":[1,1,1]}],["Path",{"applyMatrix":true,"visible":false,"selected":true,"segments":[[[237.25127,259.363],[0,1.5303],[0,-1.5303]],[[240.02212,256.59215],[-1.5303,0],[1.5303,0]],[[242.79297,259.363],[0,-1.5303],[0,1.5303]],[[240.02212,262.13385],[1.5303,0],[-1.5303,0]]],"closed":true,"fillColor":[1,1,1]}],["Path",{"applyMatrix":true,"visible":false,"selected":true,"segments":[[[237.25127,207.946],[0,1.5303],[0,-1.5303]],[[240.02212,205.17515],[-1.5303,0],[1.5303,0]],[[242.79297,207.946],[0,-1.5303],[0,1.5303]],[[240.02212,210.71685],[1.5303,0],[-1.5303,0]]],"closed":true,"fillColor":[1,1,1]}],["Path",{"applyMatrix":true,"visible":false,"selected":true,"segments":[[[236.95976,105.112],[0,1.5303],[0,-1.5303]],[[239.73061,102.34115],[-1.5303,0],[1.5303,0]],[[242.50145,105.112],[0,-1.5303],[0,1.5303]],[[239.73061,107.88285],[1.5303,0],[-1.5303,0]]],"closed":true,"fillColor":[1,1,1]}],["Path",{"applyMatrix":true,"visible":false,"selected":true,"segments":[[[253.314,87.973],[0,1.5303],[0,-1.5303]],[[256.08485,85.20215],[-1.5303,0],[1.5303,0]],[[258.8557,87.973],[0,-1.5303],[0,1.5303]],[[256.08485,90.74385],[1.5303,0],[-1.5303,0]]],"closed":true,"fillColor":[1,1,1]}],["Path",{"applyMatrix":true,"visible":false,"selected":true,"segments":[[[449.56491,87.973],[0,1.5303],[0,-1.5303]],[[452.33576,85.20215],[-1.5303,0],[1.5303,0]],[[455.10661,87.973],[0,-1.5303],[0,1.5303]],[[452.33576,90.74385],[1.5303,0],[-1.5303,0]]],"closed":true,"fillColor":[1,1,1]}],["Path",{"applyMatrix":true,"visible":false,"selected":true,"segments":[[[580.39885,87.973],[0,1.5303],[0,-1.5303]],[[583.1697,85.20215],[-1.5303,0],[1.5303,0]],[[585.94055,87.973],[0,-1.5303],[0,1.5303]],[[583.1697,90.74385],[1.5303,0],[-1.5303,0]]],"closed":true,"fillColor":[1,1,1]}],["Path",{"applyMatrix":true,"visible":false,"selected":true,"segments":[[[596.75309,105.112],[0,1.5303],[0,-1.5303]],[[599.52394,102.34115],[-1.5303,0],[1.5303,0]],[[602.29479,105.112],[0,-1.5303],[0,1.5303]],[[599.52394,107.88285],[1.5303,0],[-1.5303,0]]],"closed":true,"fillColor":[1,1,1]}],["Path",{"applyMatrix":true,"visible":false,"selected":true,"segments":[[[597.04461,173.668],[0,1.5303],[0,-1.5303]],[[599.81545,170.89715],[-1.5303,0],[1.5303,0]],[[602.5863,173.668],[0,-1.5303],[0,1.5303]],[[599.81545,176.43885],[1.5303,0],[-1.5303,0]]],"closed":true,"fillColor":[1,1,1]}],["Path",{"applyMatrix":true,"visible":false,"selected":true,"segments":[[[613.39885,190.807],[0,1.5303],[0,-1.5303]],[[616.1697,188.03615],[-1.5303,0],[1.5303,0]],[[618.94055,190.807],[0,-1.5303],[0,1.5303]],[[616.1697,193.57785],[1.5303,0],[-1.5303,0]]],"closed":true,"fillColor":[1,1,1]}]],"lineSegmentsTypeHistory":["GERADE","KURVE_OBENRECHTS_UP","GERADE","KURVE_UNTENLINKS_UP","GERADE","GERADE","KURVE_OBENLINKS_UP","GERADE","GERADE","KURVE_OBENRECHTS_DOWN","GERADE","KURVE_UNTENLINKS_DOWN"],"gridGapX":16.354242424242422,"line":"[\"Path\",{\"applyMatrix\":true,\"segments\":[[632.52394,602.143],[[632.23242,413.614],[0,0],[0,-9.0322]],[[615.87818,396.475],[9.0322,0],[0,0]],[[256.08485,396.475],[0,0],[-9.0322,0]],[[239.73061,379.336],[0,9.0322],[0,0]],[240.02212,259.363],[240.02212,207.946],[[239.73061,105.112],[0,0],[0,-9.0322]],[[256.08485,87.973],[-9.0322,0],[0,0]],[452.33576,87.973],[[583.1697,87.973],[0,0],[9.0322,0]],[[599.52394,105.112],[0,-9.0322],[0,0]],[[599.81545,173.668],[0,0],[0,9.0322]],[[616.1697,190.807],[-9.0322,0],[0,0]]],\"strokeColor\":[1,1,1],\"strokeWidth\":2}]","area":"[\"Path\",{\"applyMatrix\":true,\"closed\":true,\"fillColor\":[1,0,0,0.45]}]","scaleX":0.29},