{"roi":"[\"Path\",{\"applyMatrix\":true,\"segments\":[[0,540],[0,0],[861,0],[861,540]],\"closed\":true}]","globalColor":"#8f2d2d","realSheetLength":1861,"realSheetWidth":591,"realGridSize":55,"imageFile":"./Projects/Projekt1/doppeltuer_2.webp","raster":{"lineSegmentsTypeHistory":["GERADE","KURVE_UNTENRECHTS_UP","GERADE","GERADE","KURVE_OBENRECHTS_UP"],"gridGapX":16.354242424242422,"line":"[\"Path\",{\"applyMatrix\":true,\"segments\":[[719.29515,479.892],[[784.71212,479.892],[0,0],[9.0322,0]],[[801.06636,462.753],[0,9.0322],[0,0]],[801.06636,428.475],[[801.06636,411.336],[0,0],[0,-9.0322]],[[784.71212,394.197],[9.0322,0],[0,0]]],\"strokeColor\":[0.56078,0.17647,0.17647],\"strokeWidth\":2}]","area":"[\"Group\",{\"applyMatrix\":true}]","scaleX":0.29},"sheetsGroup":"[\"Group\",{\"applyMatrix\":true,\"children\":[[\"Path\",{\"applyMatrix\":true,\"segments\":[[-539.69,0],[-539.69,-171.39],[0,-171.39],[0,0]],\"closed\":true,\"strokeColor\":[0.56078,0.17647,0.17647]}],[\"Path\",{\"applyMatrix\":true,\"segments\":[[0,0],[0,-171.39],[539.69,-171.39],[539.69,0]],\"closed\":true,\"strokeColor\":[0.56078,0.17647,0.17647]}],[\"Path\",{\"applyMatrix\":true,\"segments\":[[539.69,0],[539.69,-171.39],[1079.38,-171.39],[1079.38,0]],\"closed\":true,\"strokeColor\":[0.56078,0.17647,0.17647]}],[\"Path\",{\"applyMatrix\":true,\"segments\":[[1079.38,0],[1079.38,-171.39],[1619.07,-171.39],[1619.07,0]],\"closed\":true,\"strokeColor\":[0.56078,0.17647,0.17647]}],[\"Path\",{\"applyMatrix\":true,\"segments\":[[-572.69,171.39],[-572.69,0],[-33,0],[-33,171.39]],\"closed\":true,\"strokeColor\":[0.56078,0.17647,0.17647]}],[\"Path\",{\"applyMatrix\":true,\"segments\":[[-33,171.39],[-33,0],[506.69,0],[506.69,171.39]],\"closed\":true,\"strokeColor\":[0.56078,0.17647,0.17647]}],[\"Path\",{\"applyMatrix\":true,\"segments\":[[506.69,171.39],[506.69,0],[1046.38,0],[1046.38,171.39]],\"closed\":true,\"strokeColor\":[0.56078,0.17647,0.17647]}],[\"Path\",{\"applyMatrix\":true,\"segments\":[[1046.38,171.39],[1046.38,0],[1586.07,0],[1586.07,171.39]],\"closed\":true,\"strokeColor\":[0.56078,0.17647,0.17647]}],[\"Path\",{\"applyMatrix\":true,\"segments\":[[-539.69,342.78],[-539.69,171.39],[0,171.39],[0,342.78]],\"closed\":true,\"strokeColor\":[0.56078,0.17647,0.17647]}],[\"Path\",{\"applyMatrix\":true,\"segments\":[[0,342.78],[0,171.39],[539.69,171.39],[539.69,342.78]],\"closed\":true,\"strokeColor\":[0.56078,0.17647,0.17647]}],[\"Path\",{\"applyMatrix\":true,\"segments\":[[539.69,342.78],[539.69,171.39],[1079.38,171.39],[1079.38,342.78]],\"closed\":true,\"strokeColor\":[0.56078,0.17647,0.17647]}],[\"Path\",{\"applyMatrix\":true,\"segments\":[[1079.38,342.78],[1079.38,171.39],[1619.07,171.39],[1619.07,342.78]],\"closed\":true,\"strokeColor\":[0.56078,0.17647,0.17647]}],[\"Path\",{\"applyMatrix\":true,\"segments\":[[-572.69,514.17],[-572.69,342.78],[-33,342.78],[-33,514.17]],\"closed\":true,\"strokeColor\":[0.56078,0.17647,0.17647]}],[\"Path\",{\"applyMatrix\":true,\"segments\":[[-33,514.17],[-33,342.78],[506.69,342.78],[506.69,514.17]],\"closed\":true,\"strokeColor\":[0.56078,0.17647,0.17647]}],[\"Path\",{\"applyMatrix\":true,\"segments\":[[506.69,514.17],[506.69,342.78],[1046.38,342.78],[1046.38,514.17]],\"closed\":true,\"strokeColor\":[0.56078,0.17647,0.17647]}],[\"Path\",{\"applyMatrix\":true,\"segments\":[[1046.38,514.17],[1046.38,342.78],[1586.07,342.78],[1586.07,514.17]],\"closed\":true,\"strokeColor\":[0.56078,0.17647,0.17647]}],[\"Path\",{\"applyMatrix\":true,\"segments\":[[-539.69,685.56],[-539.69,514.17],[0,514.17],[0,685.56]],\"closed\":true,\"strokeColor\":[0.56078,0.17647,0.17647]}],[\"Path\",{\"applyMatrix\":true,\"segments\":[[0,685.56],[0,514.17],[539.69,514.17],[539.69,685.56]],\"closed\":true,\"strokeColor\":[0.56078,0.17647,0.17647]}],[\"Path\",{\"applyMatrix\":true,\"segments\":[[539.69,685.56],[539.69,514.17],[1079.38,514.17],[1079.38,685.56]],\"closed\":true,\"strokeColor\":[0.56078,0.17647,0.17647]}],[\"Path\",{\"applyMatrix\":true,\"segments\":[[1079.38,685.56],[1079.38,514.17],[1619.07,514.17],[1619.07,685.56]],\"closed\":true,\"strokeColor\":[0.56078,0.17647,0.17647]}],[\"Path\",{\"applyMatrix\":true,\"segments\":[[-572.69,856.95],[-572.69,685.56],[-33,685.56],[-33,856.95]],\"closed\":true,\"strokeColor\":[0.56078,0.17647,0.17647]}],[\"Path\",{\"applyMatrix\":true,\"segments\":[[-33,856.95],[-33,685.56],[506.69,685.56],[506.69,856.95]],\"closed\":true,\"strokeColor\":[0.56078,0.17647,0.17647],\"strokeWidth\":4}],[\"Path\",{\"applyMatrix\":true,\"segments\":[[506.69,856.95],[506.69,685.56],[1046.38,685.56],[1046.38,856.95]],\"closed\":true,\"strokeColor\":[0.56078,0.17647,0.17647]}],[\"Path\",{\"applyMatrix\":true,\"segments\":[[1046.38,856.95],[1046.38,685.56],[1586.07,685.56],[1586.07,856.95]],\"closed\":true,\"strokeColor\":[0.56078,0.17647,0.17647]}]]}]"}